Price,Close,High,Low,Open,Volume
Ticker,5831.T,5831.T,5831.T,5831.T,5831.T
Date,,,,,
2022-10-03,787.3716430664062,788.2725259532099,764.8495708963145,787.3716430664062,6773500
2022-10-04,790.0743408203125,802.6867020192684,785.5699261063996,788.2725749347474,2687300
2022-10-05,771.1557006835938,785.5698259300161,765.7504037161855,783.7680602742133,2471200
2022-10-06,780.1646118164062,787.3716752050104,763.0478362684712,763.9487191920467,2280000
2022-10-07,779.2637329101562,785.5699134076951,776.5610841254968,776.5610841254968,1421800
2022-10-11,814.398193359375,818.0017251883988,781.065523940905,783.7681728126729,3973200
2022-10-12,806.2902221679688,818.9025831851213,800.884924589189,811.6955197467485,2572300
2022-10-13,815.299072265625,821.6052529350828,800.8849450211499,800.8849450211499,2718700
2022-10-14,836.9202270507812,843.2264074483652,810.794622546505,821.6052175137917,2871800
2022-10-17,818.001708984375,833.3167189543468,816.1999431055548,826.1096554390659,1611800
2022-10-18,834.2176513671875,841.4247153098846,827.0105874244905,828.8123534101647,1661600
2022-10-19,844.1272583007812,848.631672699398,835.1184295035478,837.8210781427177,1563500
2022-10-20,838.7219848632812,845.0281652005991,834.2175703366256,837.8211019579501,1349000
2022-10-21,841.424560546875,844.127209028289,830.6139666212192,833.3166151026332,1303100
2022-10-24,850.4334106445312,854.9378248958265,840.5236992916819,850.4334106445312,1376600
2022-10-25,866.6493530273438,869.3520017374083,845.0281633468279,854.0369923803762,2032800
2022-10-26,871.1537475585938,881.0634592681538,863.0458016144083,866.6493331451574,2059200
2022-10-27,837.8211059570312,867.5502419748614,833.3166914088752,866.6493590652302,2468900
2022-10-28,833.316650390625,847.7307762352197,833.316650390625,841.4245961782095,2687500
2022-10-31,845.0281982421875,851.3343788260844,835.1184858960637,841.4246664799606,1233300
2022-11-01,833.316650390625,852.2351905616555,828.8122360641893,849.5325419657939,1197900
2022-11-02,853.1361083984375,855.8387571050852,832.4158016474722,833.3166845496881,1586400
2022-11-04,861.2440795898438,872.0546747311389,845.0281868779011,845.0281868779011,3015900
2022-11-07,841.424560546875,863.0457483981866,836.0192635840472,862.1448655710486,1469700
2022-11-08,840.523681640625,850.4333927853698,836.9201503152633,846.829861460008,1339000
2022-11-09,825.2086791992188,850.4333986507232,823.4069135241112,845.9289844629545,2254600
2022-11-10,837.8211059570312,845.9290521437122,819.803447764407,820.7043306740381,1464700
2022-11-11,836.019287109375,849.5325298967032,833.3166385519093,848.6316470442147,2258100
2022-11-14,818.902587890625,850.4334906146864,818.902587890625,846.8299588747938,1749700
2022-11-15,821.6051635742188,827.9113435577927,815.2989835906448,819.8033978646262,1211700
2022-11-16,819.803466796875,823.4069985190591,803.5875740470467,811.6955204219609,1697500
2022-11-17,827.9114379882812,830.6140868609307,818.0017254552333,818.9026084127831,1361600
2022-11-18,835.1184692382812,851.3343618448498,832.4158204705197,833.316703393107,2227600
2022-11-21,847.7308959960938,856.7397259216633,843.226481033309,849.5326619812076,2818100
2022-11-22,858.5413818359375,863.0457962212257,846.829904434188,847.7307873112458,1557900
2022-11-24,872.95556640625,887.369693405734,861.2440882191693,861.2440882191693,3254500
2022-11-25,892.7750244140625,896.3785562986803,870.2529501352012,874.7573649909734,3496500
2022-11-28,882.8652954101562,917.0988476811623,872.9555829106545,910.7926669996612,2155800
2022-11-29,877.4598388671875,888.2704323645245,872.9554249099638,881.0633700329665,1710400
2022-11-30,905.3873291015625,905.3873291015625,870.2528954349347,881.9643733238106,12707400
2022-12-01,867.5502319335938,905.387313700168,863.0458174375731,901.7837821033513,4115300
2022-12-02,859.4422607421875,864.8475579795597,844.1272519029661,859.4422607421875,2338400
2022-12-05,847.7308959960938,861.244140884448,841.424715048195,856.7397259216633,1857600
2022-12-06,855.8388061523438,858.5414550138775,837.8211470754524,842.3255618446752,1940300
2022-12-07,872.0546264648438,875.6581579791614,847.7307887432004,856.7396175289942,2588200
2022-12-08,869.35205078125,869.35205078125,852.2352746518782,863.0458701020077,1348200
2022-12-09,864.84765625,870.2529541015625,855.8388264973959,855.8388264973959,1772600
2022-12-12,863.94677734375,874.7573730977906,862.1450113847432,870.2529582002737,975700
2022-12-13,862.1448974609375,872.9554917864665,860.343131740016,872.0546089260057,869500
2022-12-14,857.6404418945312,864.8475044314602,854.0369106260669,859.4422075287634,1143900
2022-12-15,863.0458374023438,864.8476032424321,855.8387740419901,857.6405398820785,1163600
2022-12-16,860.3431396484375,872.955499810823,854.9378424359866,857.640491042212,3157700
2022-12-19,876.5590209960938,889.1713810104261,865.7484266980947,868.4510752725945,1622200
2022-12-20,910.7926635742188,924.3059078408986,865.7485160186194,882.8652920897472,3699900
2022-12-21,908.9908447265625,954.0349896585032,906.2881960306461,926.1076198007,3293200
2022-12-22,922.504150390625,923.4050333499908,904.4864912033081,916.1979696750641,1743900
2022-12-23,935.116455078125,937.8191037922236,915.297031174735,922.5040944123314,1720400
2022-12-26,928.810302734375,941.4226637802345,924.3058880751394,939.6208979165403,1306100
2022-12-27,955.836669921875,962.1428496480326,923.404888473065,927.0084197451549,1623100
2022-12-28,964.8455200195312,972.9534655659138,954.0349259576877,963.9446371810443,2502500
2022-12-29,944.1253051757812,969.3500270697907,938.7200076270649,961.2420807467162,1171700
2022-12-30,950.4314575195312,959.440286500759,936.9182140476896,942.3235114364262,1271100
2023-01-04,968.4491577148438,969.3500406522528,950.4314989666606,961.2420942155704,1985900
2023-01-05,945.026123046875,958.5393659884414,940.5217087330195,952.2331859490438,1356500
2023-01-06,941.422607421875,956.7376163464414,936.9181930322967,945.9270218114534,929200
2023-01-10,933.3146362304688,941.4225819120077,917.0987448673911,925.2066905489299,1464500
2023-01-11,937.819091796875,937.819091796875,924.3058483992255,933.3146773309918,1231100
2023-01-12,965.7463989257812,970.2508130998754,932.4137340374847,933.3146168723035,1714300
2023-01-13,1018.8985595703125,1030.610037266523,962.142936888677,967.548234286928,4186800
2023-01-16,988.2686157226562,1027.9074663077035,983.7642008834464,1015.2951047579159,3097500
2023-01-17,964.8455200195312,984.6649424662443,954.0349259576877,981.0614111122965,2188100
2023-01-18,970.2507934570312,976.5569731730938,931.5128323440765,964.8454965575493,2578300
2023-01-19,963.0438842773438,981.0615434780425,956.7377035570993,970.2509479576232,1648100
2023-01-20,965.7463989257812,971.1516959346942,954.0349220731365,968.4490474302378,1315400
2023-01-23,961.241943359375,985.5657788520676,960.3410605633493,967.5481229315545,1770900
2023-01-24,972.95361328125,975.6562622070313,954.9359537760417,959.4403686523438,1041100
2023-01-25,969.3500366210938,979.2597488913838,959.4403243508037,972.9535683557447,1193600
2023-01-26,965.7463989257812,970.2508130998754,955.8366877427742,965.7463989257812,1405100
2023-01-27,990.97119140625,996.3764888139204,972.0526504794034,974.7552991832387,1497700
2023-01-30,1007.1871337890625,1011.6915485197828,983.7641771893169,988.2685919200371,1527100
2023-01-31,990.0703125,1021.6012141719746,983.7641321656051,1017.9976825523204,1784700
2023-02-01,990.0703125,1039.6188722702457,985.5658979754322,1021.6012141719746,1902700
2023-02-02,957.6386108398438,980.160685412747,957.6386108398438,977.4580364639985,1669800
2023-02-03,965.7463989257812,971.1516959346942,947.7287422294047,954.9358049079553,1275600
2023-02-06,958.5394287109375,972.9535554584704,938.7200044330798,971.1517896150289,1688500
2023-02-07,971.1517944335938,977.4579749169287,961.2420822454958,965.7464968764494,1200700
2023-02-08,995.4757690429688,996.3766520918764,972.0528097713694,975.6563419670001,1924500
2023-02-09,984.6651000976562,1008.9889406307183,980.1606851841262,996.3765788728342,1546800
2023-02-10,990.0703125,1008.0879705982712,987.3676637852594,991.8720783098272,2027600
2023-02-13,986.4668579101562,1002.6827514648438,979.2597941080729,995.4756876627605,1315300
2023-02-14,994.5745239257812,997.277172088623,983.7639312744141,983.7639312744141,885500
2023-02-15,999.0790405273438,1003.5834545964481,994.5746264582393,994.5746264582393,1000000
2023-02-16,987.3676147460938,1006.2861548096595,987.3676147460938,999.9799747884708,942600
2023-02-17,989.1693115234375,994.5746083077186,983.7640147391564,991.871959915578,986100
2023-02-20,999.0790405273438,1000.8808061549854,981.0613842509264,989.1693295753141,1068500
2023-02-21,1000.8809814453125,1002.6827473885083,991.8721517293332,991.8721517293332,973900
2023-02-22,978.35888671875,998.1783116799032,974.7553549076312,993.6738969160048,1683000
2023-02-24,972.0526123046875,1004.4843954770404,964.845549377498,978.3587923659784,2733300
2023-02-27,987.3676147460938,989.1693804664334,968.4490746825281,977.4579032842261,1281100
2023-02-28,980.1605834960938,997.2773583917057,974.7552861606373,990.9711781670065,3169300
2023-03-01,984.6651000976562,994.5748129074223,975.6562702705963,977.4580362360083,1457100
2023-03-02,973.8543701171875,999.9799730157985,971.1517215414691,994.5746758643617,2207800
2023-03-03,972.95361328125,979.2597941080729,963.0439005533855,968.449198404948,2133700
2023-03-06,972.0526123046875,979.259675231877,968.4490808410927,979.259675231877,1547900
2023-03-07,998.1781616210938,999.0790444384412,973.8543255527096,975.6560911874047,1660600
2023-03-08,999.0790405273438,1006.2861030379106,990.9710952029559,1000.8808061549854,1606500
2023-03-09,1016.1959228515625,1019.79945449288,1001.7817962862921,1004.4844450172803,1410300
2023-03-10,950.4314575195312,1012.592377490003,947.7288088251629,1008.9888458975119,3295600
2023-03-13,905.3873291015625,932.41381653743,887.3696708109841,928.8102848793144,4378600
2023-03-14,858.5413818359375,876.5590393770905,847.7307873112458,864.847561975341,3935100
2023-03-15,863.0458374023438,884.6670274834045,857.6405398820785,874.7573153629183,4003300
2023-03-16,834.2176513671875,841.4247153098846,814.3982255247705,826.1097044316533,3108800
2023-03-17,837.8211059570312,863.0458274267054,831.5149255896127,856.7396470592868,4670600
2023-03-20,836.9202270507812,852.2352365877708,833.316695395019,837.8211099647218,1985400
2023-03-22,850.4334106445312,862.1448876978988,846.8298792434952,851.3342934947904,2291100
2023-03-23,845.9290161132812,845.9290161132812,835.1184216581595,836.9201874006798,1505400
2023-03-24,845.9290161132812,851.3343133408422,821.6051785892572,830.6140073018587,1981000
2023-03-27,836.9202270507812,849.5325878459491,835.1184612229001,848.6317049320086,1477500
2023-03-28,847.7308959960938,859.4423748993341,837.8211830779672,850.4335449737646,1997600
2023-03-29,863.0458374023438,868.451134922609,846.8299448415481,846.8299448415481,2046600
2023-03-30,868.5370483398438,871.2826870595693,856.6392805543665,863.0457709003927,1463200
2023-03-31,870.3675537109375,880.434896603493,860.300210818382,877.6892576327961,1808000
2023-04-03,895.0783081054688,895.9935210994416,876.7740482260114,883.1805391838215,1585700
2023-04-04,899.654296875,899.654296875,889.586954793998,895.0782322927264,1473800
2023-04-05,881.3500366210938,891.4173786801093,874.943546219902,885.9261011933736,1853800
2023-04-06,872.1979370117188,877.6892146844053,863.9610205026889,867.62187228448,2082800
2023-04-07,886.8413696289062,893.247860431179,880.4348788266334,880.4348788266334,1478700
2023-04-10,893.247802734375,905.1455705986649,889.5869510838244,889.5869510838244,1141900
2023-04-11,890.5021362304688,904.2303294919867,885.9260718099628,894.1629877668736,1837400
2023-04-12,895.0783081054688,906.0608640331432,892.3326691235501,901.4847990632788,1290000
2023-04-13,888.6717529296875,898.739095135894,885.9261141461766,895.0782434245461,1315600
2023-04-14,886.8413696289062,894.1630734029324,883.1805177418933,887.7565826006595,1741800
2023-04-17,896.9087524414062,900.5696044921875,887.7566223144531,888.6718353271484,1117300
2023-04-18,917.04345703125,925.2803743099738,903.3152615667103,904.2304745976796,1521400
2023-04-19,922.53466796875,923.4498809330047,912.4673253619482,914.2977512904577,1322800
2023-04-20,931.6868286132812,940.8389585603666,921.6194856714875,922.534698666196,1316100
2023-04-21,923.4498291015625,936.2628098819607,920.7041903629057,923.4498291015625,1443900
2023-04-24,917.9586181640625,932.6020258316846,917.9586181640625,925.2803219978736,1664100
2023-04-25,929.8563232421875,935.3476007416493,923.4498328261488,925.2802586593027,1104400
2023-04-26,906.97607421875,926.195547032669,906.060861227611,923.449908059252,1427900
2023-04-27,917.9586181640625,918.8738311432888,905.1456364548931,910.6369143302514,1364400
2023-04-28,934.4324951171875,946.3302643987971,921.6195128139155,924.3651518789023,2346800
2023-05-01,936.2628784179688,940.8389433173724,929.8563875588038,938.0933043777302,1410500
2023-05-02,926.195556640625,939.9237516501205,926.195556640625,939.9237516501205,1350500
2023-05-08,919.7890014648438,929.8563437694341,906.9760203499106,910.6368720970344,1392000
2023-05-09,931.6868286132812,938.093319576241,918.873846687362,925.2803376503216,1856100
2023-05-10,935.34765625,940.8389340753425,932.6020173373288,935.34765625,1022200
2023-05-11,941.7540893554688,941.7540893554688,920.7041923144816,924.3650439737837,1103000
2023-05-12,939.9237060546875,949.9910485732869,917.9585951050161,948.1606226608142,2421200
2023-05-15,957.312744140625,971.9561513167723,949.9910405525515,952.736679398079,2103200
2023-05-16,950.9063110351562,970.1257841167137,948.1606720235051,968.2953581089464,1472800
2023-05-17,957.312744140625,961.888808883171,947.2454017070238,951.8214664495698,1329800
2023-05-18,957.312744140625,970.1257254197538,950.9062535010606,970.1257254197538,1589700
2023-05-19,943.5845947265625,963.7192805500197,940.8389557506365,963.7192805500197,1871700
2023-05-22,931.6868286132812,939.923745565658,924.365124655613,935.3476805921154,2284700
2023-05-23,943.5845947265625,943.5845947265625,930.7716128389079,939.9237427586612,2290000
2023-05-24,942.6693115234375,954.5670795329567,941.7540985996284,949.0758019901017,1334600
2023-05-25,941.7540893554688,944.4997280999454,930.7715343775625,935.3475989516901,1347300
2023-05-26,928.0259399414062,943.584560236282,922.5346621902737,942.6693472777598,1281400
2023-05-29,939.0084838867188,945.4149745175248,934.4324191504287,937.1780579922028,1389600
2023-05-30,936.2628784179688,938.0933043777302,926.1955356392809,937.1780913978495,1253400
2023-05-31,939.0084838867188,939.9236968339768,924.3650767305907,924.3650767305907,5131500
2023-06-01,948.1605834960938,951.8214351698239,932.6019638827408,938.093241393336,1539900
2023-06-02,945.4149780273438,948.160616879311,939.0084873727538,946.3301909779995,1124500
2023-06-05,956.8550415039062,965.0919572126916,948.6181257951208,956.3974350756404,1384100
2023-06-06,931.229248046875,939.0085587185197,925.2803634156173,937.1781326781327,2248500
2023-06-07,916.5857543945312,941.7541101068124,914.7553285245472,941.7541101068124,2190700
2023-06-08,918.873779296875,933.9747926020527,911.7351296337329,926.6530891813604,1630300
2023-06-09,927.1107177734375,929.85635662173,916.1281623802674,920.7042271274216,1977900
2023-06-12,925.2803344726562,934.4324643883106,924.3651214810908,927.1107604557872,1096200
2023-06-13,912.46728515625,923.4498402433865,911.8266249374676,920.7042014716023,1801500
2023-06-14,925.7379150390625,930.3139798687168,918.8738177945811,920.7042437264428,1553800
2023-06-15,928.0259399414062,937.1780695266273,915.670565001358,920.7042362732295,1648500
2023-06-16,931.229248046875,942.6694107992936,923.4499373752303,923.9075438853271,3517000
2023-06-19,939.9237060546875,953.6519003982321,931.6867894485607,933.9748218391514,1757400
2023-06-20,941.7540893554688,945.8725474721837,936.2628118665157,940.8388764406433,2139700
2023-06-21,951.3638305664062,953.6518628669508,931.6867527817234,933.517178622159,1706300
2023-06-22,966.0072021484375,971.4984794699824,953.6518281749616,955.4822539488099,1593300
2023-06-23,953.1943359375,972.4138088656686,949.9910904494719,966.9225308861918,1608500
2023-06-26,944.499755859375,957.3127370435137,944.499755859375,955.9399176309274,1032300
2023-06-27,947.245361328125,953.6518516945954,940.3812645069067,948.1605742376207,1223100
2023-06-28,968.2952880859375,969.2105010236369,949.5334228631003,951.8214552073488,1238100
2023-06-29,955.4822998046875,967.3800679057038,946.3301704962136,964.6344291131616,2044400
2023-06-30,950.9063110351562,964.6345060934116,943.5846070040867,961.8888670817605,2296200
2023-07-03,955.024658203125,957.312690446065,947.2453485771293,951.8214130630091,1615200
2023-07-04,977.9050903320312,978.3626968319526,955.0247653359612,956.8551913356469,2166900
2023-07-05,963.71923828125,975.1594001791756,954.5671087629096,972.8713677995905,1504300
2023-07-06,953.1943359375,966.4649243879021,948.160664456313,965.5497113913227,1666300
2023-07-07,957.7703857421875,966.4649090719064,942.2117650469012,949.9910753945444,1582100
2023-07-10,965.092041015625,983.8539062036955,958.2279439955993,970.1257121636439,1927900
2023-07-11,967.380126953125,973.7866178600993,963.2616685129273,967.380126953125,1295400
2023-07-12,982.9387817382812,986.1420273026052,971.9562255177418,978.3627166463898,1212600
2023-07-13,976.5321044921875,987.0570521975859,968.752795318632,984.7690200877167,1073900
2023-07-14,972.4137573242188,985.2267385971967,969.2105120059744,981.1082803308824,1389800
2023-07-18,987.972412109375,1000.7853938319607,974.2442174066047,976.5322498570664,1145500
2023-07-19,994.83642578125,1005.3613741680801,987.9723290072304,1000.3277032004657,1334300
2023-07-20,990.7179565429688,1002.6157241504133,987.5147114178876,996.6668403466911,1157600
2023-07-21,985.6842651367188,997.1244260598469,980.6505943305424,995.7516067490715,1189800
2023-07-24,982.4811401367188,989.8028440222276,976.5322557297428,985.6843855866289,1794900
2023-07-25,998.9548950195312,1000.3277143896909,989.3451594284134,992.0907981687328,1374000
2023-07-26,996.209228515625,1000.7852929552926,983.8538545285226,994.3788027397579,1063000
2023-07-27,1016.343994140625,1018.632026545264,1001.2429802700079,1003.9886191555746,2057800
2023-07-28,1056.1558837890625,1060.2743426079974,1009.4800171744679,1018.6321478832119,3692700
2023-07-31,1085.900146484375,1091.3914240898584,1057.0709390555862,1067.1382813323062,3544800
2023-08-01,1071.2568359375,1083.612211661683,1062.5623122797415,1078.120933562046,1730400
2023-08-02,1049.749267578125,1057.0709712752698,1044.715596286338,1051.5796935024111,1549200
2023-08-03,1036.478759765625,1058.901479071813,1034.6483336998137,1056.6134464895488,1468100
2023-08-04,1046.5460205078125,1050.6644788307553,1034.6482520193108,1036.9362844209459,804000
2023-08-07,1055.6981201171875,1058.9013653884576,1039.2242872935124,1045.1731713687284,876400
2023-08-08,1063.4774169921875,1072.6295462261994,1062.1045976070857,1062.5622040687863,897500
2023-08-09,1042.4276123046875,1058.9014463885192,1042.4276123046875,1058.9014463885192,1402000
2023-08-10,1048.833984375,1051.5796230775522,1035.5633973126637,1037.8514295647906,1536500
2023-08-14,1053.4100341796875,1070.799079053201,1051.1220019594882,1063.4773759485638,1065700
2023-08-15,1058.44384765625,1064.3927322301934,1051.1221435652426,1055.2406021164343,820400
2023-08-16,1027.7841796875,1045.6308328521538,1026.411360213296,1036.9363095155275,1505300
2023-08-17,1047.461181640625,1048.8340010136797,1025.0384652140674,1027.7841039601765,1573000
2023-08-18,1037.393798828125,1047.0035340620864,1032.8177344310004,1047.0035340620864,1061400
2023-08-21,1036.936279296875,1045.6308023801232,1033.2754274723495,1042.4275570336633,988700
2023-08-22,1063.4774169921875,1063.4774169921875,1035.5634228284512,1036.936242213553,931600
2023-08-23,1063.4774169921875,1064.3926299155887,1047.003584370966,1052.9524683730738,845900
2023-08-24,1073.5447998046875,1079.9512905111094,1058.9013924757232,1058.9013924757232,1216600
2023-08-25,1062.562255859375,1074.0024179594975,1056.6133715673113,1070.3415660874582,854600
2023-08-28,1079.0361328125,1082.69698483222,1069.4263962607347,1070.7992157681297,898500
2023-08-29,1071.2568359375,1081.3241791201676,1062.5623122797415,1078.5785400703492,1173600
2023-08-30,1090.9339599609375,1096.4252382828886,1071.714485834109,1072.1720923609382,1450200
2023-08-31,1084.52734375,1098.2555379746836,1082.6969178533755,1085.9001631724684,3322800
2023-09-01,1094.136962890625,1104.6619106725088,1085.9000472352377,1085.9000472352377,1522300
2023-09-04,1114.271728515625,1115.644547893673,1096.425076601001,1101.0011411944943,1052300
2023-09-05,1111.526123046875,1130.2879884420672,1098.713141801378,1122.0510719271049,1251200
2023-09-06,1136.23681640625,1139.4400615592278,1116.1021325875327,1118.3901648396597,1008000
2023-09-07,1126.1695556640625,1136.2368982990115,1122.966310280215,1130.7456204981302,1514100
2023-09-08,1110.61083984375,1125.254246055122,1106.4923818468017,1113.8140849524875,2281600
2023-09-11,1168.7269287109375,1171.0149610694161,1131.2031980318864,1131.2031980318864,1654800
2023-09-12,1158.6595458984375,1165.9812491900548,1141.7281070365725,1162.3203975442461,1888600
2023-09-13,1156.37158203125,1165.0661052044172,1146.7618458924862,1158.6596144452415,1644900
2023-09-14,1166.8963623046875,1185.6582253848806,1166.4387558880974,1179.7093419692094,1680000
2023-09-15,1161.8629150390625,1195.7257963753723,1159.117276011794,1176.048716679949,2275100
2023-09-19,1167.35400390625,1182.455016108879,1159.1170881593614,1171.4724617796942,1815500
2023-09-20,1134.8641357421875,1164.1509521484375,1128.915251159668,1159.574887084961,2288500
2023-09-21,1145.8466796875,1161.4053007375699,1145.3890731860274,1146.3042861889726,1601600
2023-09-22,1152.253173828125,1157.7444518606658,1130.2880616979621,1140.3554047576201,1455900
2023-09-25,1136.6944580078125,1151.3378648742578,1135.7792450786596,1150.422651945105,1262300
2023-09-26,1149.965087890625,1160.0324304825845,1138.0673193728549,1138.0673193728549,1384800
2023-09-27,1155.4564208984375,1164.6085509649597,1139.8977997853497,1161.8629119450031,2052300
2023-09-28,1157.7755126953125,1169.3718219170205,1149.4261700556829,1155.456250850971,1747900
2023-09-29,1130.8721923828125,1161.4864518976876,1120.6674392111875,1154.992518061199,2121800
2023-10-02,1152.67333984375,1178.6490770796656,1146.1794055347711,1147.107110436054,1654300
2023-10-03,1130.408447265625,1148.9625457024838,1124.8422177345674,1142.4686112495833,1150400
2023-10-04,1103.96875,1135.0468618697478,1100.257930672269,1129.9444852941176,1937700
2023-10-05,1150.81787109375,1155.456395362568,1113.7096769432057,1114.6373817969695,1686100
2023-10-06,1147.57080078125,1158.2394056389576,1130.872114917012,1146.6430960110144,1164100
2023-10-10,1192.5645751953125,1194.4199848805638,1157.7756435968495,1164.2695774952292,1639400
2023-10-11,1184.6790771484375,1194.883830358017,1174.474323938858,1187.9260440787582,1108500
2023-10-12,1185.6068115234375,1194.4200076967338,1181.4321396518762,1188.3899261044785,1236800
2023-10-13,1154.5286865234375,1184.2152417413965,1151.2817195464731,1173.5466359599425,1408600
2023-10-16,1143.3961181640625,1149.8900514923778,1129.9443991268383,1138.2937419775292,955600
2023-10-17,1142.9322509765625,1158.7032317124404,1135.9744653577927,1147.1069223478241,1781300
2023-10-18,1162.4141845703125,1167.5165612783228,1150.8178738702895,1154.064840866296,1547200
2023-10-19,1156.847900390625,1161.48642444993,1146.179295054224,1156.3840479846945,1026400
2023-10-20,1146.64306640625,1171.691094555901,1142.4683950479748,1153.6008520033752,1277400
2023-10-23,1148.4984130859375,1179.1126680389552,1148.4984130859375,1159.6308694324894,1486100
2023-10-24,1135.5106201171875,1152.673158084645,1116.0288202622357,1148.0346343096564,1570000
2023-10-25,1153.6009521484375,1168.4442293775287,1135.9745604388916,1138.7576749193463,1155200
2023-10-26,1146.64306640625,1153.1369996302335,1135.974461823991,1142.9322474211165,1056400
2023-10-27,1172.1549072265625,1177.7211355157272,1141.0767992787273,1142.004503993588,1435500
2023-10-30,1150.81787109375,1181.8959836948306,1148.498608959341,1158.2395099238588,1462600
2023-10-31,1184.215087890625,1193.9559875560003,1151.745422339374,1178.6488595104106,2118700
2023-11-01,1209.7271728515625,1212.974139956609,1191.6369275520185,1200.4501239800015,1394100
2023-11-02,1201.3778076171875,1223.6427245151121,1189.3176442974782,1211.582561195403,1391500
2023-11-06,1175.865966796875,1210.1910482733913,1175.865966796875,1210.1910482733913,1905500
2023-11-07,1158.7032470703125,1180.9681613454827,1157.7755423088472,1168.907999446432,1394900
2023-11-08,1103.96875,1166.5888261554621,1082.6315388655462,1166.5888261554621,2438200
2023-11-09,1123.914306640625,1133.1913541572624,1085.4145594465797,1103.0409497281908,1671800
2023-11-10,1141.076904296875,1143.3961662974784,1121.1312510916857,1127.1613322932546,1277400
2023-11-13,1130.408447265625,1151.2818080070913,1111.8543488287662,1151.2818080070913,2030700
2023-11-14,1139.2215576171875,1159.631064349743,1115.5650839044529,1159.631064349743,1639500
2023-11-15,1128.089111328125,1148.4986182764958,1114.1735384087815,1147.1070609845613,2125800
2023-11-16,1105.82421875,1129.016840787542,1102.5772516647442,1116.0289724465185,1485400
2023-11-17,1122.5228271484375,1122.5228271484375,1083.559224883781,1091.9085682262073,1605400
2023-11-20,1130.8721923828125,1140.6130931375455,1109.9988336226702,1111.3903908733464,1868400
2023-11-21,1135.5106201171875,1139.2214391371783,1119.7396392822266,1131.7998010971967,1809100
2023-11-22,1136.9022216796875,1140.1491884490706,1127.1613213715384,1129.016730954043,1260000
2023-11-24,1139.6854248046875,1155.9202599158655,1139.6854248046875,1155.9202599158655,1476700
2023-11-27,1133.6552734375,1141.540764292016,1121.1312585509156,1140.1492070823956,1522600
2023-11-28,1132.7275390625,1145.2515536221592,1129.0167199337122,1140.1491773200758,1335100
2023-11-29,1109.071044921875,1132.2636640126711,1102.5771115764521,1129.0166973399598,1431700
2023-11-30,1109.534912109375,1125.7697456895708,1102.1132739012855,1109.534912109375,4804900
2023-12-01,1125.305908203125,1132.2636941153455,1117.4204175026084,1124.378203414829,1556300
2023-12-04,1114.6373291015625,1122.0589675808071,1105.3602810025066,1114.6373291015625,1218100
2023-12-05,1112.7818603515625,1123.914317478881,1109.0710413091228,1109.0710413091228,1218900
2023-12-06,1136.4383544921875,1136.902206881776,1110.9264730648117,1113.245735012755,1344400
2023-12-07,1157.3116455078125,1163.8055785888182,1144.323779345801,1147.570745886304,2763800
2023-12-08,1156.847900390625,1171.2273249744699,1138.757656559336,1140.1492137771277,2753300
2023-12-11,1157.3116455078125,1168.4441022181081,1137.3659939018662,1156.8477931448836,1743600
2023-12-12,1134.5830078125,1152.2093995937246,1133.1914505666139,1152.2093995937246,1152600
2023-12-13,1148.4984130859375,1154.9923459547595,1133.6551379572018,1134.5828426527476,1661500
2023-12-14,1113.7095947265625,1141.5407382849105,1108.143366014893,1136.9022143585194,1440100
2023-12-15,1082.167724609375,1104.432641360875,1071.9629710982706,1103.9687889285522,1967300
2023-12-18,1065.468994140625,1073.3544851725756,1050.1618644903679,1058.9750603496068,1313000
2023-12-19,1065.005126953125,1078.456846762202,1052.9449643656767,1066.3966841747538,1300400
2023-12-20,1054.33642578125,1075.6736345740073,1047.378640305351,1050.1617544957105,1774200
2023-12-21,1043.6678466796875,1057.58341796875,1043.6678466796875,1050.1617799479166,1142000
2023-12-22,1051.089599609375,1059.4389432955925,1043.6679607771816,1043.6679607771816,1236200
2023-12-25,1061.2943115234375,1065.4689832033812,1049.2341488924894,1057.5834922523766,837700
2023-12-26,1062.6859130859375,1070.1075519376943,1054.336569377711,1067.7882897965203,891500
2023-12-27,1086.34228515625,1090.9808090040565,1066.3966326106827,1066.8604849954634,1330300
2023-12-28,1094.227783203125,1095.1554879790497,1080.7760639522176,1080.7760639522176,964200
2023-12-29,1108.607177734375,1109.5348824856171,1096.0831635926058,1098.4024254707113,1575600
2024-01-04,1132.7275390625,1134.1190962357955,1097.4747573390152,1108.6072147253788,1872900
2024-01-05,1156.384033203125,1166.1249336031512,1148.9623948031049,1154.52862360312,1396900
2024-01-09,1151.7454833984375,1170.7634313723947,1148.4985166711765,1158.7032692425682,1498400
2024-01-10,1147.1070556640625,1163.8057430898232,1141.076974093649,1148.0347605210493,1268500
2024-01-11,1174.938232421875,1186.534543440646,1161.0226591993498,1161.4865116401006,1475100
2024-01-12,1168.444091796875,1202.769166347478,1164.7332729265395,1202.769166347478,1649200
2024-01-15,1188.8536376953125,1191.172899571425,1168.4441331855217,1168.4441331855217,166900
2024-01-16,1180.96826171875,1202.3054730459544,1168.4442463745213,1168.4442463745213,1010600
2024-01-17,1174.938232421875,1192.5646251704068,1171.6912653366192,1184.6791336776425,2222500
2024-01-18,1186.5345458984375,1187.4622507818608,1170.763562880241,1178.1852019476275,1621600
2024-01-19,1172.618896484375,1190.7091405361514,1170.299634426455,1190.7091405361514,1159000
2024-01-22,1190.245361328125,1190.245361328125,1190.245361328125,1190.245361328125,386100
2024-01-23,1192.5645751953125,1205.0885905707592,1181.8959695051171,1196.7392469871281,1283800
2024-01-24,1235.239013671875,1238.022128235161,1181.4321321150078,1185.1429515327227,1975900
2024-01-25,1246.3714599609375,1258.8954753755058,1237.5582639284635,1242.6606405788432,2156600
2024-01-26,1225.498046875,1247.2991097830716,1224.1064896681019,1239.4136189439819,2009300
2024-01-29,1239.41357421875,1248.690621929968,1228.744969350849,1228.744969350849,1164200
2024-01-30,1235.239013671875,1245.443767070591,1232.4558991085887,1241.7329476528762,1125400
2024-01-31,1256.576171875,1257.5038766899686,1221.7872413136765,1226.8896177960041,1727900
2024-02-01,1309.455322265625,1319.6600750427572,1235.2389384319374,1241.2690196184246,3989000
2024-02-02,1339.1419677734375,1357.2322125753647,1311.3108219243186,1312.7023792167745,3506200
2024-02-05,1325.2264404296875,1358.6238165973239,1325.2264404296875,1340.9974236199603,2437000
2024-02-06,1298.78662109375,1322.9069440569197,1293.6842450823103,1321.979239327567,2118600
2024-02-07,1302.96142578125,1310.3830643759457,1293.6843775378804,1299.2506064839022,1280500
2024-02-08,1288.1180419921875,1302.4974655794247,1282.0879611330236,1299.2504989629517,2048500
2024-02-09,1283.4796142578125,1294.1482196527998,1268.636337186526,1293.684367244322,1908900
2024-02-13,1298.78662109375,1300.6420305524553,1272.810888671875,1283.4794930594308,2001800
2024-02-14,1294.1483154296875,1308.0638887138775,1285.335119016367,1298.786839857751,1566300
2024-02-15,1293.220458984375,1317.3407831835098,1288.118082711481,1314.5576688528404,1637400
2024-02-16,1311.7745361328125,1318.2684694800046,1295.0758503828897,1298.7866694384281,1838800
2024-02-19,1345.1719970703125,1345.1719970703125,1312.7023281755119,1312.7023281755119,1720900
2024-02-20,1339.6058349609375,1352.1298507310016,1330.3287862423715,1345.1720641920772,1621800
2024-02-21,1333.57568359375,1345.1719938858696,1331.7202739470108,1339.605764945652,959300
2024-02-22,1350.2744140625,1362.3345771561535,1341.9250703822784,1345.1720373690314,1845000
2024-02-26,1355.840576171875,1379.0331963595568,1354.9128713643677,1359.0875429981504,1512200
2024-02-27,1367.4368896484375,1399.4427055866133,1357.6959891455144,1360.479103574921,1561600
2024-02-28,1366.5091552734375,1412.8943947599764,1360.4790741401873,1379.9608747245338,1811500
2024-02-29,1359.0875244140625,1380.4247346949658,1355.3767052347748,1368.3645723622813,2135600
2024-03-01,1379.9609375,1383.671756827731,1350.2743828781513,1359.0875787815125,1410800
2024-03-04,1360.9429931640625,1379.0332374494744,1355.3767641531665,1378.105532614325,1424400
2024-03-05,1372.075439453125,1374.8585539347744,1354.9129001496206,1360.9429815265275,1506400
2024-03-06,1384.5994873046875,1388.7741591257068,1366.9730951714955,1374.8585863889762,1908300
2024-03-07,1400.8343505859375,1423.5631198504113,1386.9187775668718,1391.5573019065603,2139000
2024-03-08,1423.56298828125,1442.580936316288,1381.8162730823865,1400.8342211174242,3060600
2024-03-11,1374.8585205078125,1434.6954804084562,1357.6959816215813,1432.3762183968033,2435800
2024-03-12,1349.810546875,1368.3646437392613,1329.8648927459194,1368.3646437392613,1805400
2024-03-13,1351.2021484375,1380.888704393559,1339.141985080351,1377.6417373358652,1632400
2024-03-14,1324.298583984375,1356.304399148971,1317.340798079028,1354.9128419679016,1903000
2024-03-15,1337.7503662109375,1347.9551193512427,1320.1239744231373,1322.4432365004795,1825300
2024-03-18,1369.292236328125,1375.7861696982447,1341.4610933133258,1353.9851076699854,1501700
2024-03-19,1353.0574951171875,1375.3224110464384,1345.6358564741038,1364.6538054970056,2202000
2024-03-21,1408.7197265625,1409.647431354441,1357.232110609771,1365.5814537372407,2440100
2024-03-22,1417.996826171875,1418.9245309976336,1396.1957627665502,1410.575187565807,1893900
2024-03-25,1388.7740478515625,1412.894371995945,1379.497000103723,1412.894371995945,1488800
2024-03-26,1368.364501953125,1388.3101540154926,1366.0452400854078,1384.1354826536017,1760100
2024-03-27,1372.539306640625,1386.4548791986576,1360.0152913383956,1365.5815203616087,2364900
2024-03-28,1352.2926025390625,1367.830783557095,1341.9338151937075,1364.0639517951477,2198900
2024-03-29,1365.4764404296875,1368.772418044518,1346.1714286856816,1356.0593615301725,665000
2024-04-01,1336.283447265625,1376.3060311336935,1323.570391213415,1368.7723682879393,1383900
2024-04-02,1325.9246826171875,1351.3507951389659,1317.9201657121832,1335.8126152645457,1450900
2024-04-03,1336.75439453125,1347.1131816674556,1304.2654712404235,1319.3327979839953,1430500
2024-04-04,1357.0010986328125,1362.1804921390446,1337.69608647322,1351.3508511714683,1573500
2024-04-05,1336.283447265625,1341.9336943999406,1318.8618519348188,1331.1040540591691,1570800
2024-04-08,1345.229736328125,1358.8845008900837,1336.7543652207025,1342.8754665760632,1202400
2024-04-09,1347.1131591796875,1365.0056093889948,1342.4046196509223,1363.5930475303653,1465100
2024-04-10,1349.4674072265625,1357.942778241942,1333.4583730864008,1336.2834967581941,1188600
2024-04-11,1393.2568359375,1396.5528135825025,1332.516676479596,1334.8709462260265,1730300
2024-04-12,1400.79052734375,1403.1447971376049,1383.3689308692226,1399.377965467437,1772000
2024-04-15,1389.0191650390625,1390.431726901814,1357.471950104277,1372.539276640294,979900
2024-04-16,1355.1175537109375,1398.436113454303,1349.4673067878898,1374.8934179416044,1703300
2024-04-17,1330.63330078125,1367.8307638958001,1329.2207388908241,1367.8307638958001,1854100
2024-04-18,1335.8126220703125,1348.0548244579854,1318.3910263647779,1331.5749366284258,2773200
2024-04-19,1318.3909912109375,1339.1085639299665,1305.6779352242606,1337.2251482282365,2211000
2024-04-22,1374.8934326171875,1374.8934326171875,1331.5748724114405,1345.7004898698362,1879100
2024-04-23,1378.189453125,1399.3778799752306,1371.126644174923,1381.485430635036,1206900
2024-04-24,1381.0146484375,1393.727705207978,1373.0101312116433,1384.310626118735,1133700
2024-04-25,1371.126708984375,1374.893540602464,1358.884506225586,1359.8262141301082,1346300
2024-04-26,1381.0146484375,1388.5483117088945,1365.4764679402488,1375.8352549384163,1356500
2024-04-30,1386.6649169921875,1387.606624915442,1363.1222189108262,1377.7186917212703,1471400
2024-05-01,1379.60205078125,1389.0191296261733,1362.651308860388,1379.131196839004,970100
2024-05-02,1373.4808349609375,1383.368766923289,1367.3597342223388,1375.835104475783,853700
2024-05-07,1348.0548095703125,1367.8306747473832,1332.045775855541,1367.3598208145957,1620400
2024-05-08,1347.583984375,1355.117647460255,1336.754343689946,1345.2297146608578,1700600
2024-05-09,1345.7005615234375,1357.0010560918638,1345.7005615234375,1345.7005615234375,1388400
2024-05-10,1390.902587890625,1395.611127456944,1347.1131699238585,1354.646833229969,2248400
2024-05-13,1454.4678955078125,1484.13169525433,1375.83528348133,1375.83528348133,4226400
2024-05-14,1421.0372314453125,1444.5799291167061,1412.561860283611,1431.3960184207256,1900100
2024-05-15,1438.4588623046875,1462.0015605420801,1421.0372656090171,1437.046300410444,2193800
2024-05-16,1438.4588623046875,1443.167401952166,1412.5618942435558,1435.6337385162005,2020800
2024-05-17,1454.4678955078125,1456.8221653289647,1414.9161625124561,1418.2121402620692,1232100
2024-05-20,1460.1181640625,1478.9523229023903,1454.9387703815303,1459.6473100915027,1274100
2024-05-21,1457.29296875,1473.7728569264943,1448.817597687803,1455.4095529584008,1196400
2024-05-22,1465.7681884765625,1482.7189288508498,1460.1179416851335,1463.4139189801338,1253100
2024-05-23,1441.7547607421875,1459.6472104182826,1427.6291425768493,1459.6472104182826,1608800
2024-05-24,1421.9788818359375,1433.7502301955064,1412.5618031482823,1417.7411964264925,1306400
2024-05-27,1443.1673583984375,1446.4633360522023,1408.7950200091761,1417.7412450693948,1104900
2024-05-28,1443.6383056640625,1454.9388012074212,1433.2795180826506,1442.696597702116,954900
2024-05-29,1459.1763916015625,1481.7773812101057,1444.579919146045,1453.9969981496047,1616000
2024-05-30,1466.2391357421875,1479.8938996909746,1430.4542371177795,1452.1135178641318,1713600
2024-05-31,1527.9210205078125,1527.9210205078125,1471.418548254827,1473.772817932035,5071000
2024-06-03,1534.5130615234375,1562.7642992317549,1531.2170837908004,1547.6969724539856,1999800
2024-06-04,1487.8984375,1534.5129771558545,1476.5979430379746,1523.683336629747,2022100
2024-06-05,1459.6473388671875,1471.4186883741809,1442.2257415968372,1459.6473388671875,1462000
2024-06-06,1447.4049072265625,1469.5350408113538,1437.046121293256,1445.9923455083845,1578600
2024-06-07,1449.75927734375,1466.2391651992327,1445.0507379564692,1446.9341537113814,1124400
2024-06-10,1460.5888671875,1471.8893613243472,1452.5843505072332,1459.6471593427627,1015400
2024-06-11,1429.9832763671875,1468.1224417889005,1424.8038835321402,1467.18073400071,1477900
2024-06-12,1420.095458984375,1437.9879084012869,1417.741189324255,1421.978874712471,1570300
2024-06-13,1392.7860107421875,1422.4498101596173,1387.1357632341055,1414.4452928565013,1908900
2024-06-14,1378.6602783203125,1400.7904125693067,1369.7140538366766,1381.956255761652,2635100
2024-06-17,1346.1715087890625,1394.6694680074163,1338.166991248169,1378.6604329256295,1967300
2024-06-18,1349.4674072265625,1369.714126874414,1331.1041033599065,1369.243272929115,1722500
2024-06-19,1348.0548095703125,1372.0683601424698,1345.2296859735882,1368.3015286801706,1403600
2024-06-20,1343.817138671875,1349.9382398641435,1332.9874981009384,1348.0548241126762,1644600
2024-06-21,1358.8843994140625,1367.3597698885785,1345.7004897870377,1357.9426915835609,3892400
2024-06-24,1365.4764404296875,1385.723160063645,1355.5885075851968,1370.184979879445,2223000
2024-06-25,1396.552734375,1406.9115206717802,1376.3060157040206,1382.8979706201535,2161100
2024-06-26,1405.0281982421875,1418.2121089495538,1397.9653889346698,1397.9653889346698,2628600
2024-06-27,1421.9788818359375,1441.7547470800134,1407.8532638044546,1407.8532638044546,2418000
2024-06-28,1453.9969482421875,1470.9476898667726,1424.3331503991635,1425.2748582671961,3048700
2024-07-01,1483.6607666015625,1485.0733284231444,1452.58440652676,1471.4185641478525,1905400
2024-07-02,1494.01953125,1500.6114863201228,1478.4813514418531,1482.719036844075,2157800
2024-07-03,1449.75927734375,1484.6024688096277,1445.9924458339253,1480.835637299803,1805900
2024-07-04,1445.992431640625,1455.409510322752,1432.3376675515406,1440.813038365455,962900
2024-07-05,1438.9296875,1454.9387219813482,1436.1045637679974,1453.055306160013,1001800
2024-07-08,1412.0909423828125,1439.871324377006,1410.6783805864977,1434.6919311238512,1436400
2024-07-09,1403.144775390625,1411.6201465171457,1386.194033137584,1411.6201465171457,1882500
2024-07-10,1411.149169921875,1424.803933327859,1400.319529979198,1409.7366081902217,1706300
2024-07-11,1403.61572265625,1433.279523571159,1402.203160707921,1429.5126917089483,1749700
2024-07-12,1407.3824462890625,1409.736716021898,1384.7814568538417,1397.9653673577207,2167500
2024-07-16,1437.9879150390625,1443.638162249432,1391.3733755535134,1396.0819148954881,1849800
2024-07-17,1439.4005126953125,1451.6427152893843,1436.1045350738316,1450.2301534516068,1210300
2024-07-18,1447.4049072265625,1459.1762548780473,1437.5169751993153,1439.8712447296123,1622100
2024-07-19,1439.4005126953125,1453.055277127162,1421.978916696056,1453.055277127162,1185900
2024-07-22,1425.27490234375,1450.2301616183515,1421.9789247037081,1437.0462510581847,1072800
2024-07-23,1456.3511962890625,1467.180836610643,1423.3914213972957,1425.745691032422,1528400
2024-07-24,1420.095458984375,1445.5215713136708,1419.624605052351,1445.5215713136708,1448800
2024-07-25,1388.5482177734375,1403.1446893743112,1380.5437010890873,1394.1984648447433,2032300
2024-07-26,1375.3642578125,1400.7903687066714,1374.4225500016048,1392.3149984086144,1535000
2024-07-29,1411.6201171875,1419.1537802545447,1381.9563188610116,1394.6693752866495,1616300
2024-07-30,1376.7769775390625,1392.315158202123,1365.9473364708688,1388.077472566743,1441900
2024-07-31,1429.041748046875,1431.3960178130149,1374.422689472431,1389.9608699289538,2801200
2024-08-01,1429.5125732421875,1449.759292823681,1420.56634831083,1444.5798994423687,2347900
2024-08-02,1287.7855224609375,1408.3241307790363,1287.7855224609375,1403.144737452868,3712500
2024-08-05,1087.2017822265625,1169.1303704064767,1073.5470175299101,1118.278143260323,5023100
2024-08-06,1155.9464111328125,1197.3815574381842,1107.4484557981161,1142.7625009447397,4292500
2024-08-07,1204.915283203125,1233.1665207928818,1120.632424393684,1122.9866941928306,4024900
2024-08-08,1147.4710693359375,1235.9916114102732,1141.8208219694905,1233.1664877270498,3311900
2024-08-09,1172.42626953125,1198.323235324109,1158.7715057495607,1181.8433480013805,3302200
2024-08-13,1219.0408935546875,1224.6911410335042,1179.4891612029712,1187.964532421196,2243600
2024-08-14,1232.6956787109375,1247.7630055706586,1217.6283518512164,1219.5117677086814,2416000
2024-08-15,1255.7674560546875,1269.8930742330303,1234.579028787173,1235.5207366657294,1383900
2024-08-16,1283.5478515625,1307.0905487665077,1266.1262556315344,1299.086031717145,2141500
2024-08-19,1269.89306640625,1292.494055352301,1265.1845270424892,1284.489538433908,1389600
2024-08-20,1257.1800537109375,1286.8438527310832,1248.7046825623245,1286.8438527310832,1946300
2024-08-21,1254.35498046875,1266.5971837315833,1243.9961930925067,1247.763024865686,1407300
2024-08-22,1242.5836181640625,1259.5343609658457,1229.870561062725,1247.2921578312246,1009000
2024-08-23,1253.4132080078125,1254.8257698500452,1237.8750277432528,1247.7629606388816,1306600
2024-08-26,1234.1082763671875,1255.2967053776888,1225.162050784976,1243.5253559274104,1000600
2024-08-27,1225.1619873046875,1239.2876059131197,1221.8660096293866,1233.637358469747,1430300
2024-08-28,1235.9915771484375,1236.9332850167411,1216.6865658482143,1224.6910827287948,1038800
2024-08-29,1225.6326904296875,1238.3457456127844,1217.1573203076227,1238.3457456127844,1409600
2024-08-30,1221.865966796875,1229.8704837277216,1211.0363262433766,1228.9287758535042,2113000
2024-09-02,1230.8121337890625,1243.5251894938463,1227.5161563841186,1238.3457964289344,1040000
2024-09-03,1249.6463623046875,1254.8257556676685,1230.341350679031,1237.4041598103688,1143500
2024-09-04,1204.915283203125,1220.4534638774912,1197.3816198458564,1219.0409019980034,1930800
2024-09-05,1210.0946044921875,1224.2202224434582,1171.4845820920477,1176.663975340847,1752000
2024-09-06,1209.15283203125,1224.6910109475396,1198.794046087057,1215.273932816455,1387500
2024-09-09,1190.78955078125,1192.6729664408485,1153.5920915041766,1173.838809844862,1755200
2024-09-10,1200.6776123046875,1220.4534788602941,1190.3188250612745,1190.3188250612745,1231800
2024-09-11,1174.3096923828125,1193.1438494378697,1159.7132206651431,1185.6101866158467,2008200
2024-09-12,1185.6102294921875,1201.6192635679358,1178.0765663977177,1184.1976676619745,1726400
2024-09-13,1166.3052978515625,1192.673120491727,1163.4801739972593,1191.7314125402927,2417100
2024-09-17,1156.88818359375,1180.4308816725809,1138.9957330538386,1177.1349039415447,2158400
2024-09-18,1172.8970947265625,1179.4890494941947,1162.0674547511667,1173.83880255051,1593600
2024-09-19,1182.3143310546875,1203.5027599266355,1177.1349373304336,1194.5565344029242,1464100
2024-09-20,1188.435302734375,1205.8568979012418,1188.435302734375,1201.6192125903824,2202000
2024-09-24,1164.8927001953125,1206.798702748822,1163.9509922727616,1202.5610170973437,2816200
2024-09-25,1139.466552734375,1159.2424185256327,1136.6414290499097,1158.300710630811,2588300
2024-09-26,1166.776123046875,1167.7178309750807,1141.8208629494236,1147.471110518658,2964600
2024-09-27,1168.6982421875,1182.153649581106,1160.0483374344674,1182.153649581106,2087500
2024-09-30,1196.0897216796875,1215.3117340811289,1166.2956024574535,1169.6594546277056,4169100
2024-10-01,1198.0118408203125,1219.1560530128893,1189.8424861095443,1201.3756927600407,2730600
2024-10-02,1193.206298828125,1220.1171134613812,1185.0369443858865,1190.8035475215843,2965700
2024-10-03,1190.8035888671875,1223.4810077707261,1183.114784419296,1215.7922033228347,2982700
2024-10-04,1210.0255126953125,1213.869914641922,1194.1673546655486,1194.1673546655486,1698800
2024-10-07,1240.78076171875,1253.7556186383497,1228.2864550554318,1237.8974601810612,2540900
2024-10-08,1205.2200927734375,1228.2865060322592,1193.206335867801,1225.4032043749066,1941800
2024-10-09,1196.0897216796875,1220.5977874915252,1192.7258695094354,1213.8700831510207,1619700
2024-10-10,1194.1673583984375,1207.622765253631,1187.920205215669,1206.6616647639744,1795100
2024-10-11,1202.3367919921875,1211.467247247124,1194.6479875669777,1204.25899309849,2899800
2024-10-15,1231.650390625,1240.300295826424,1216.7533316669917,1216.7533316669917,2754900
2024-10-16,1226.8447265625,1237.8973817567567,1209.5449184323588,1216.2726215940804,2165400
2024-10-17,1249.4306640625,1255.1972671274038,1235.0141564002404,1237.8974579326923,2532400
2024-10-18,1241.741943359375,1260.4834045788082,1236.4558901949194,1260.0028542911305,2096100
2024-10-21,1227.325439453125,1235.9753446646191,1216.2727827939934,1235.9753446646191,1414400
2024-10-22,1213.389404296875,1230.2086633663366,1209.0644519647276,1230.2086633663366,2075900
2024-10-23,1193.206298828125,1216.2727113709159,1192.2451983055087,1213.389409803067,1288500
2024-10-24,1179.7508544921875,1187.4396584318515,1167.7370983364626,1178.3092037535005,1982600
2024-10-25,1169.1787109375,1174.9453137041462,1151.398352407008,1167.7370602458384,2380400
2024-10-28,1173.984375,1183.5953809353255,1151.8790613487515,1154.762363129349,1291400
2024-10-29,1188.4007568359375,1193.2062592897828,1175.4259002105553,1175.4259002105553,1417500
2024-10-30,1184.556396484375,1193.2063012051535,1180.2314441239857,1191.764650418357,2407100
2024-10-31,1179.7508544921875,1199.9339648338055,1178.3092037535005,1194.6479121252864,1797900
2024-11-01,1185.998046875,1196.5701526413088,1160.528882983438,1164.8538353423826,1529600
2024-11-05,1191.2840576171875,1193.2062585976105,1170.6203970776396,1185.998004921024,1690100
2024-11-06,1244.1446533203125,1258.0806111983693,1197.0507266979137,1199.4534780561994,3817300
2024-11-07,1274.4193115234375,1302.771777352956,1267.6916077672806,1278.263713669813,3928100
2024-11-08,1288.355224609375,1310.460536184172,1280.6664205833586,1303.2522824097816,3787900
2024-11-11,1296.524658203125,1334.9686806850561,1277.7831972431836,1302.771811856439,3753200
2024-11-12,1297.005126953125,1331.1241947610806,1292.1996244449622,1326.7992425037341,3683900
2024-11-13,1292.19970703125,1306.6162154771175,1287.87475449749,1297.0052098465392,2737200
2024-11-14,1282.588623046875,1295.563479855517,1274.8998190121242,1288.3552260729382,2989300
2024-11-15,1305.174560546875,1311.4217141871952,1279.2248454255455,1285.9525493458902,2900900
2024-11-18,1314.7855224609375,1316.7077235171669,1299.4079140111019,1305.1745171797902,2460300
2024-11-19,1296.0440673828125,1315.746628288521,1289.796913924905,1301.8106705747273,3957200
2024-11-20,1263.8472900390625,1287.8748050588165,1254.236284031161,1283.0693020548656,3315400
2024-11-21,1272.0164794921875,1283.5496851997102,1256.6388718821572,1261.4443742602916,3048300
2024-11-22,1274.8997802734375,1283.5496845496991,1264.3276750468956,1272.016478848017,2443500
2024-11-25,1316.2271728515625,1316.2271728515625,1281.627553849988,1288.8358078086494,13777900
2024-11-26,1276.341552734375,1311.902273706643,1266.7305470661945,1303.2523686052805,2426300
2024-11-27,1260.9639892578125,1273.4582970782023,1244.6252790311487,1268.6527940703602,2475700
2024-11-28,1246.54736328125,1264.3277227420851,1238.858559190078,1243.6640617470605,2477200
2024-11-29,1280.1859130859375,1285.9525162980362,1251.8334472931183,1256.1583997021924,3615300
2024-12-02,1313.824462890625,1317.668865122931,1290.27749921775,1295.0830020081326,3162600
2024-12-03,1313.824462890625,1330.6437226569642,1307.5773092631275,1325.3576695875433,3515700
2024-12-04,1289.31640625,1315.2661214708348,1286.9136548406634,1308.057867242825,2435200
2024-12-05,1291.7191162109375,1300.8495712734405,1274.4193066188268,1300.3690210069929,2091700
2024-12-06,1301.330078125,1311.9021836341396,1287.8746711133679,1302.291178625831,1828200
2024-12-09,1299.407958984375,1314.3050176857491,1281.6275985988639,1307.0967634754068,2094200
2024-12-10,1293.641357421875,1316.227220645808,1293.641357421875,1306.6162150186026,1791800
2024-12-11,1304.6939697265625,1309.0189221123965,1297.00516548508,1303.2523189312844,2603000
2024-12-12,1305.655029296875,1324.396489047548,1305.1744790468579,1311.9021825470993,2498400
2024-12-13,1288.355224609375,1308.538335177668,1280.6664205833586,1292.1996266223832,2558900
2024-12-16,1272.4970703125,1296.044032716319,1268.6526682873866,1288.3552286660922,1857200
2024-12-17,1253.755615234375,1291.2385351225626,1253.755615234375,1272.4970751784688,1812800
2024-12-18,1250.872314453125,1263.3666210899983,1246.0668119004813,1253.755615984711,1748300
2024-12-19,1244.625244140625,1251.3529481630067,1227.8059840846706,1239.8197412674951,2366000
2024-12-20,1210.9866943359375,1244.6252136230469,1209.0644932338168,1244.6252136230469,3343500
2024-12-23,1227.325439453125,1234.0531435065093,1205.220126134862,1209.5450787406091,2428100
2024-12-24,1247.508544921875,1254.7167992261232,1242.2224917654264,1245.5863437740754,2063400
2024-12-25,1232.130859375,1251.833419918828,1221.5587537173362,1247.508467604329,1871500
2024-12-26,1225.4031982421875,1232.130902075674,1214.8310922181372,1230.2087009803922,1730600
2024-12-27,1238.858642578125,1241.7419443063907,1229.2476368172397,1231.650388257461,1741300
2024-12-30,1234.53369140625,1255.6779041045277,1234.0531411176528,1248.4696497755692,2019100
2025-01-06,1259.5223388671875,1273.458297595592,1240.7808771289883,1242.2225280319267,4067100
2025-01-07,1261.4444580078125,1280.6664687965028,1253.275103422619,1264.327759626116,2985500
2025-01-08,1284.5108642578125,1286.4330653266607,1261.444451431634,1261.444451431634,3439000
2025-01-09,1280.66650390625,1293.6413615443246,1280.66650390625,1288.835858715408,2951000
2025-01-10,1248.4696044921875,1286.9136261855574,1243.6641017805161,1284.5108748297218,3187300
2025-01-14,1259.0416259765625,1275.3803340999225,1254.236123587339,1259.0416259765625,3553700
2025-01-15,1273.4581298828125,1284.9913355874116,1260.002723227447,1277.7830820220372,2131500
2025-01-16,1291.238525390625,1298.9273294123036,1273.4581660904937,1273.4581660904937,2888500
2025-01-17,1310.4605712890625,1313.343872876057,1272.016550129134,1294.602412560592,3482400
2025-01-20,1300.849609375,1320.0716205959088,1300.3690590944773,1316.7077686322498,3361300
2025-01-21,1277.783203125,1312.863373801241,1271.5360494429297,1307.096770402407,3240700
2025-01-22,1288.8358154296875,1291.238566763449,1278.744259827889,1287.874714896183,1847700
2025-01-23,1280.1859130859375,1290.2774687071103,1275.3804104091885,1288.8358179040856,2315500
2025-01-24,1281.6275634765625,1300.369023909853,1266.7305051834342,1292.1996693620085,2245000
2025-01-27,1286.91357421875,1311.9021873103763,1284.5108229599398,1294.6023782469426,1895700
2025-01-28,1316.2271728515625,1321.9937760184916,1290.2774586003816,1293.1607601838462,2276600
2025-01-29,1326.7991943359375,1328.240845036049,1309.9799361679702,1317.1881896685277,1880400
2025-01-30,1335.4490966796875,1338.8129483086036,1318.1492883024048,1327.2797427237483,2174900
2025-01-31,1335.4490966796875,1349.8656036607563,1328.7213934218553,1345.5406515664356,2456200
2025-02-03,1298.44677734375,1317.6687873710446,1297.4856768423851,1314.7854858669505,3334300
2025-02-04,1309.97998046875,1312.8632819664801,1300.368975476316,1308.057779470263,2768500
2025-02-05,1324.8770751953125,1344.0990857168258,1318.6299217758205,1321.9937736170855,3083900
2025-02-06,1315.26611328125,1330.6437222052543,1308.538409376998,1324.3965685798776,2047200
2025-02-07,1309.49951171875,1325.8382212227637,1306.616210041571,1325.8382212227637,1776100
2025-02-10,1319.1104736328125,1321.0326746872865,1299.4079128244537,1306.6161667787312,2644800
2025-02-12,1333.0465087890625,1343.6186152033954,1302.7718404207455,1316.7077988760025,5354400
2025-02-13,1414.739990234375,1456.5478635870893,1369.5682650027068,1373.4126671500828,8546500
2025-02-14,1442.6119384765625,1446.9368909903162,1391.1930585908221,1398.881863059718,4419500
2025-02-17,1455.5867919921875,1455.5867919921875,1427.2343255915473,1441.650833930856,3265700
2025-02-18,1472.8865966796875,1481.0559513757903,1442.131379000242,1457.508987839965,2942800
2025-02-19,1476.73095703125,1539.6830414344695,1467.60050204147,1498.8362691117698,5930200
2025-02-20,1480.0948486328125,1481.0559491838726,1442.611927141462,1461.8339381626674,4970200
2025-02-21,1539.68310546875,1542.0858568817787,1461.8339596866222,1478.172669295217,5989900
2025-02-25,1502.6806640625,1556.021742959506,1500.7584630211666,1533.9164309841701,7253500
2025-02-26,1486.822509765625,1508.4472715430825,1467.6004992967742,1501.2390176172632,6287100
2025-02-27,1472.8865966796875,1490.666956900617,1465.6783425360675,1486.8225546906863,4388900
2025-02-28,1460.872802734375,1482.0170143528987,1453.183998509457,1460.3922524703175,33777800
2025-03-03,1496.43359375,1500.2779960460823,1467.6005765293835,1472.8866296864965,3394500
2025-03-04,1485.861328125,1501.7194858960625,1475.2892229442916,1480.094725299159,2228600
2025-03-05,1498.355712890625,1528.1498290545824,1485.8614061121914,1509.8889191476408,3657500
2025-03-06,1526.7081298828125,1526.7081298828125,1498.8362156451028,1500.2778663815361,2563300
2025-03-07,1525.7471923828125,1531.9943462413878,1505.0835296198327,1508.9279319943405,2573000
2025-03-10,1490.6669921875,1528.1499146216152,1484.4198384484807,1528.1499146216152,2341100
2025-03-11,1439.7286376953125,1450.3007438466132,1408.0123192414103,1436.845336017685,3828600
2025-03-12,1488.26416015625,1511.3305727127563,1468.561599430901,1468.561599430901,3890800
2025-03-13,1522.8638916015625,1532.474897544141,1504.1224300135343,1509.4084832819526,2654600
2025-03-14,1544.008056640625,1550.25521030895,1521.9027436603983,1531.0331990217962,3401400
2025-03-17,1568.0355224609375,1572.8410251347375,1549.2940620331176,1550.7357128352576,2449700
2025-03-18,1593.5047607421875,1610.3240208827112,1580.5299029194978,1585.8159561065195,2651700
2025-03-19,1594.4656982421875,1599.75175088856,1573.8020378972767,1576.2047891001732,1815000
2025-03-21,1653.0928955078125,1653.0928955078125,1597.829615570778,1598.7907160914222,4112500
2025-03-24,1634.3514404296875,1652.1318001168083,1628.1042870261044,1652.1318001168083,1865500
2025-03-25,1623.779296875,1633.8708521382066,1611.7655406092779,1631.948651135691,1823900
2025-03-26,1631.94873046875,1639.1569845785943,1615.1294708791133,1634.8320321126878,2092800
2025-03-27,1655.0150146484375,1718.4476458718966,1618.4931966712943,1627.1431009290386,5381000
2025-03-28,1626.0743408203125,1675.6168772977942,1617.2449778837317,1667.2780345243566,2957400
2025-03-31,1592.228515625,1602.5294394783966,1560.8352238813154,1586.8327936065543,3115500
2025-04-01,1591.738037109375,1633.43225379791,1586.342314949682,1625.0934104602031,2600500
2025-04-02,1572.607666015625,1587.813791295252,1553.967899543824,1579.4749483999726,2901000
2025-04-03,1467.6363525390625,1521.1030512111072,1446.0534650017235,1494.1244417894334,4721900
2025-04-04,1365.11767578125,1389.643685047891,1330.2907426226195,1372.4754785612422,5225700
2025-04-07,1254.2601318359375,1297.425908762634,1228.26256164145,1241.997127027217,5278400
2025-04-08,1367.0797119140625,1378.3616758085811,1324.4044571826223,1324.4044571826223,3702400
2025-04-09,1298.4068603515625,1341.0821141674242,1286.6343765402903,1333.233791626576,3150500
2025-04-10,1416.1317138671875,1474.99413356378,1407.792871076837,1474.99413356378,2836700
2025-04-11,1381.3048095703125,1387.6815718304028,1330.2907114895906,1344.5157965313306,2684300
2025-04-14,1402.397216796875,1419.0749031806083,1380.323808347816,1385.2290102253849,1835300
2025-04-15,1422.508544921875,1436.2431101831896,1404.8498181573277,1416.622302667026,1794800
2025-04-16,1414.66015625,1441.6387653324375,1402.3971521216192,1436.7335636810853,1515500
2025-04-17,1453.4112548828125,1453.4112548828125,1407.7928793498722,1418.5843230243313,1517700
2025-04-18,1462.2406005859375,1466.6552820368847,1448.0155159106635,1456.8448788125577,1052700
2025-04-21,1445.0723876953125,1456.8448715054576,1437.2240651552156,1451.9396699178972,933200
2025-04-22,1462.2406005859375,1462.2406005859375,1440.6577134924182,1445.0723949433652,1030700
2025-04-23,1496.5770263671875,1515.2167926739567,1487.2571432138027,1514.726272507989,2176800
2025-04-24,1499.5201416015625,1526.0082304620414,1495.1054601248159,1524.0461498057098,1557000
2025-04-25,1515.216796875,1518.1599178789656,1497.0675506838782,1502.463272524482,1779700
2025-04-28,1524.5367431640625,1533.3661065414606,1506.3874962216332,1506.3874962216332,1354800
2025-04-30,1548.572265625,1553.967987804878,1522.5746951219512,1534.8377000762196,1656500
2025-05-01,1511.783203125,1557.4015801174157,1506.8780012978586,1550.0437773767035,1756300
2025-05-02,1467.6363525390625,1500.9917241876776,1449.9776263721487,1491.1813207616144,2829100
2025-05-07,1499.5201416015625,1501.972742421977,1464.2026897875903,1468.126851100254,2894300
2025-05-08,1495.10546875,1498.0485897514764,1472.0510209051017,1484.31402507792,2048500
2025-05-09,1532.8756103515625,1542.1954940625,1500.010757265625,1500.9917976562501,2903000
2025-05-12,1544.6480712890625,1558.3826365466343,1524.0462234027048,1538.7618290358175,3144500
2025-05-13,1548.572265625,1602.03896722561,1547.100705030488,1592.2285632621952,2893900
2025-05-14,1598.605224609375,1601.5483456120312,1555.4394499037521,1569.6645347499234,3245600
2025-05-15,1551.0247802734375,1577.5128695001185,1546.6100987356574,1576.5318291583897,2001100
2025-05-16,1546.11962890625,1573.0982391822156,1536.3092251695352,1558.3826335771435,1870000
2025-05-19,1555.9300537109375,1555.9300537109375,1515.7073978457745,1526.0083219088042,1766200
2025-05-20,1571.1361083984375,1597.6241976439935,1558.8731041180877,1569.6645478847954,2997400
2025-05-21,1603.0198974609375,1629.0174661774092,1591.247413513856,1598.1146958163201,3792000
2025-05-22,1595.662109375,1596.1526295438825,1570.6455807619889,1579.4749438018753,1910600
2025-05-23,1614.79248046875,1633.9227680563201,1610.3777987177723,1614.79248046875,2395600
2025-05-26,1608.9061279296875,1627.055373884992,1601.0578053544207,1618.7165311487709,1478300
2025-05-27,1620.1881103515625,1620.1881103515625,1598.114702853585,1604.981985186289,1155200
2025-05-28,1618.716552734375,1634.4131980942236,1612.830310724432,1629.507996419271,1879400
2025-05-29,1634.90380859375,1640.7900509289211,1618.7166421720299,1618.7166421720299,1882400
2025-05-30,1658.44873046875,1670.2212148021572,1637.3563627047286,1637.8468828852872,4653100
2025-06-02,1675.12646484375,1680.5221869852674,1656.4866974457816,1662.372939781982,2699600
2025-06-03,1657.958251953125,1689.842064490685,1657.958251953125,1687.3894635262575,2278800
2025-06-04,1683.955810546875,1688.8610124418556,1657.9582405034773,1663.844482777454,1998100
2025-06-05,1652.072021484375,1675.126470715303,1647.1668195203476,1673.6549101260948,1774000
2025-06-06,1662.3729248046875,1677.5790507028714,1662.3729248046875,1663.8444853754795,1874000
2025-06-09,1681.99365234375,1693.7661363496554,1674.1453296731463,1683.4652128444882,1499600
2025-06-10,1672.673828125,1689.3515143878299,1667.7686262829914,1682.4842318090177,1424500
2025-06-11,1670.711669921875,1678.5599925051838,1658.9391860469116,1678.069472343727,1376800
2025-06-12,1674.1453857421875,1680.0316279422773,1660.9013407919856,1675.61694629221,1502000
2025-06-13,1663.3538818359375,1677.5789666407863,1655.015039019302,1674.6358456466796,1863200
2025-06-16,1673.6549072265625,1682.4842707465152,1662.3729427288454,1671.6928264443509,1273400
2025-06-17,1665.8065185546875,1672.1832808459744,1657.467675558389,1663.844437849676,932600
2025-06-18,1668.2591552734375,1670.7117562073884,1648.1478276150397,1660.9013524715847,1110600
2025-06-19,1682.4842529296875,1694.2567374982916,1676.5980106453853,1687.3894548332726,1619000
2025-06-20,1658.44873046875,1687.8799413022682,1658.44873046875,1677.579017510537,2984200
2025-06-23,1668.7496337890625,1681.0126381525918,1658.9392302982392,1661.391831170945,1396600
2025-06-24,1675.616943359375,1686.8989075564668,1669.2401809871058,1686.8989075564668,1328500
2025-06-25,1681.99365234375,1683.4652128444882,1650.6003616613352,1666.7875271694554,1574600
2025-06-26,1665.8065185546875,1667.278079083446,1642.2615500945506,1655.9961150296303,1901400
2025-06-27,1664.3349609375,1670.7117232399426,1652.0719565097259,1656.9771582808355,1726600
2025-06-30,1646.1856689453125,1664.8254351610221,1642.7520278003133,1664.3349149974508,1978100
2025-07-01,1646.1856689453125,1649.1287899267404,1615.2828986403201,1630.4890237110305,1868800
2025-07-02,1641.77099609375,1652.5624397489823,1633.4321532692522,1634.4131936015463,1129900
2025-07-03,1642.2615966796875,1642.2615966796875,1627.5459909746723,1635.3943140173471,1184700
2025-07-04,1645.6951904296875,1655.5055939493877,1633.4321860300624,1649.1288316615826,1549100
2025-07-07,1630.4891357421875,1639.318499293138,1619.2071712048619,1632.4512165312876,1633800
2025-07-08,1623.621826171875,1630.489108820336,1616.2640233342381,1629.5080684419845,1625400
2025-07-09,1632.941650390625,1642.7520538174235,1613.320843537028,1623.6217671351665,1538200
2025-07-10,1646.67626953125,1648.6383502813617,1630.4891033428285,1631.960663905412,2000300
2025-07-11,1669.730712890625,1689.3515203276477,1653.0530265691557,1667.7686321469228,1942100
2025-07-14,1667.7685546875,1669.7306353400736,1649.6193086511948,1661.391792566636,886900
2025-07-15,1677.5789794921875,1699.6523871170848,1671.6927374588815,1677.5789794921875,1319700
2025-07-16,1682.9747314453125,1685.9178525145844,1656.4866418218655,1663.8444444950453,1258100
2025-07-17,1689.842041015625,1695.2377630624094,1669.7307133867018,1677.5790363638425,1205800
2025-07-18,1682.9747314453125,1705.0481394648518,1680.0316103760406,1697.690336791672,910300
2025-07-22,1666.2969970703125,1685.4272834658798,1655.9960736265455,1677.5789608420573,1593100
2025-07-23,1711.9154052734375,1719.76372804833,1671.6927510521132,1689.3514772956214,3184500
2025-07-24,1736.44140625,1766.8536568679378,1728.10256333863,1732.5172448799435,2076800
2025-07-25,1736.44140625,1750.666491216455,1728.10256333863,1749.6854508739407,1328000
2025-07-28,1691.3135986328125,1735.4604153024625,1690.3325582623759,1732.5172941911524,1693800
2025-07-29,1691.8040771484375,1695.7282385335309,1680.5221131662936,1687.3893955902072,1200800
2025-07-30,1724.6689453125,1731.04570762452,1690.823053041009,1693.2756539302475,1770200
2025-07-31,1758.514892578125,1761.9485339304395,1736.9320040778634,1737.4225242710513,1721700
2025-08-01,1775.1925048828125,1781.0787469548197,1737.4224515874334,1746.2518146954442,1507700
2025-08-04,1733.9888916015625,1737.4225329710705,1712.4060029932261,1734.4794117972065,1581800
2025-08-05,1753.609619140625,1765.3821032970934,1736.9319332522946,1745.2707761964598,1003300
2025-08-06,1759.495849609375,1768.3252126684686,1744.289724340936,1747.2328453606337,1254200
2025-08-07,1804.623779296875,1813.4531427182787,1760.967482379935,1762.439042950169,2011500
2025-08-08,1819.829833984375,1843.3748021868682,1780.0977001426677,1808.0573498831284,2419900
2025-08-12,1855.1473388671875,1878.6923077369986,1849.2610966497348,1878.6923077369986,2516800
2025-08-13,1850.2420654296875,1863.4861099065172,1836.5075007870494,1855.1472670877727,1691200
2025-08-14,1853.67578125,1853.67578125,1826.697171043927,1840.431736239746,1349100
2025-08-15,1899.78466796875,1899.78466796875,1859.5620129794813,1862.0146138934613,1747800
2025-08-18,1889.9742431640625,1918.4244134478715,1888.5026826321414,1903.218287951353,1508400
2025-08-19,1861.0335693359375,1896.3510224176948,1856.6188877007178,1893.4079013275484,1373400
2025-08-20,1874.277587890625,1887.0311124352877,1852.2041800248626,1871.8249870166514,1453100
2025-08-21,1887.0311279296875,1894.8794507908456,1862.014598809746,1875.2586436379504,1110300
2025-08-22,1938.5357666015625,1957.175533588116,1911.5571564894456,1926.2727620051458,2085600
2025-08-25,1932.6495361328125,1960.6091867824496,1924.8012131434407,1953.2513839799135,1373300
2025-08-26,1928.23486328125,1943.9315093318733,1902.2372932599053,1939.5168276301354,2256600
2025-08-27,1916.952880859375,1934.1210873153827,1914.009759752631,1928.7253652863517,1042800
2025-08-28,1942.4599609375,1945.4030820904356,1907.1425071022727,1912.047709023832,1002200
2025-08-29,1933.6304931640625,1940.4977754837726,1926.7632108443524,1939.5167351523853,1098500
2025-09-01,1912.5382080078125,1938.045257717073,1895.3700014727333,1921.8580915554269,1624500
2025-09-02,1926.7633056640625,1931.6685075623927,1905.18041731141,1915.4813412979033,1490600
2025-09-03,1875.2586669921875,1928.2348469647632,1862.505142183975,1926.7632864099694,1546800
2025-09-04,1905.180419921875,1910.0856218269262,1875.2586883010629,1884.088051730155,1293000
2025-09-05,1904.1993408203125,1917.9339058751732,1890.9552959459827,1909.5950628061507,1271000
2025-09-08,1912.047607421875,1918.4243695810553,1887.5215991173359,1904.1992847644226,1207800
2025-09-09,1896.3509521484375,1919.8959199971507,1881.144827079477,1916.9527990160616,1474400
2025-09-10,1948.34619140625,1948.34619140625,1897.3320917319675,1900.2752128670222,1754900
2025-09-11,1931.66845703125,1950.3082237573005,1916.95285172121,1949.327183403298,1477100
2025-09-12,1959.1375732421875,1959.1375732421875,1927.7442821336497,1950.3082101179111,2041400
2025-09-16,1931.177978515625,1954.232427332042,1927.7443372025416,1950.7987860189587,1509800
2025-09-17,1917.443359375,1925.78220232956,1891.4457901637247,1914.5002383322142,1322000
2025-09-18,1917.9339599609375,1928.234884042569,1906.6519954905789,1927.2538436538423,1369000
2025-09-19,1937.5546875,1966.0048575949368,1923.3296024525316,1926.7632436708861,5410400
2025-09-22,1957.175537109375,1966.0049004346804,1933.6305682418938,1947.3651334145911,1383400
2025-09-24,1937.064208984375,1960.1186576605628,1922.3486034463829,1957.1755365529643,2699700
2025-09-25,1970.9100341796875,1970.9100341796875,1940.9883039445056,1944.4219451190345,1734900
2025-09-26,2018.0,2028.7914438502673,1991.0213903743315,2000.3412736995624,2292800
2025-09-29,1997.5,2045.0,1987.0,2040.0,1727000
2025-09-30,2031.5,2043.0,1981.0,1999.0,1814400
2025-10-01,2005.0,2010.0,1981.5,2003.0,2086300
2025-10-02,2008.0,2022.0,1991.5,1996.0,1444900
2025-10-03,2029.5,2038.0,2003.5,2003.5,1259600
2025-10-06,2001.0,2037.0,1961.5,2031.5,3015700
2025-10-07,1999.0,2019.0,1991.5,1998.0,1072800
2025-10-08,2021.0,2040.5,2002.5,2005.5,1113200
2025-10-09,2025.0,2030.0,2010.5,2010.5,860700
2025-10-10,1973.0,2009.0,1973.0,2002.0,1664400
2025-10-14,1931.5,1959.0,1918.5,1949.0,2278600
2025-10-15,1974.0,1974.0,1942.0,1950.0,1293500
2025-10-16,1995.5,1998.0,1978.0,1993.0,1110100
2025-10-17,1962.5,1983.5,1952.5,1957.5,1486400
2025-10-20,2051.5,2051.5,1977.0,1997.0,1707500
2025-10-21,2042.0,2082.0,2039.0,2073.0,1529300
2025-10-22,2044.5,2052.5,2035.5,2048.5,818600
2025-10-23,2027.5,2036.5,2019.0,2036.5,1018000
2025-10-24,2020.5,2040.0,2018.0,2024.0,927900
2025-10-27,2072.0,2099.0,2043.0,2051.0,1851300
2025-10-28,2056.0,2082.5,2046.5,2082.5,1395800
2025-10-29,2042.5,2059.5,2032.5,2055.0,1507500
2025-10-30,2083.5,2083.5,2044.0,2048.5,1837400
2025-10-31,2075.0,2089.0,2066.5,2088.0,1085600
2025-11-04,2110.5,2132.0,2068.0,2075.0,1781000
2025-11-05,2103.5,2121.0,2037.5,2111.0,2268200
2025-11-06,2148.0,2151.0,2100.0,2104.0,1742500
2025-11-07,2101.0,2148.0,2081.0,2136.5,2588000
2025-11-10,2102.5,2154.0,2094.5,2121.0,2905000
2025-11-11,2063.5,2099.5,2043.5,2091.0,2716700
2025-11-12,2092.0,2114.5,2080.0,2085.0,1859000
2025-11-13,2133.0,2133.0,2100.0,2104.0,1603000
2025-11-14,2135.5,2143.0,2106.5,2124.5,1743800
2025-11-17,2151.5,2163.0,2123.0,2144.5,1960000
2025-11-18,2094.5,2146.5,2093.0,2129.0,2005200
2025-11-19,2139.0,2167.5,2107.0,2133.5,2783100
2025-11-20,2179.5,2194.0,2165.0,2180.0,2116500
2025-11-21,2219.5,2224.0,2150.0,2162.0,2363700
2025-11-25,2210.0,2240.0,2190.0,2238.0,1744600
2025-11-26,2219.0,2239.0,2211.0,2220.0,1944100
2025-11-27,2243.5,2275.0,2231.5,2242.0,1922100
2025-11-28,2262.5,2276.0,2235.0,2243.5,2012200
2025-12-01,2268.0,2338.5,2265.0,2294.0,2322800
2025-12-02,2345.5,2363.0,2303.0,2318.0,4222400
2025-12-03,2309.5,2332.5,2290.0,2329.0,3633200
2025-12-04,2354.0,2361.0,2291.0,2304.5,2558100
2025-12-05,2362.5,2377.5,2341.5,2364.0,2339300
2025-12-08,2353.5,2362.5,2331.5,2360.0,2007100
2025-12-09,2353.0,2373.5,2349.5,2353.5,1753200
2025-12-10,2345.0,2369.5,2345.0,2363.5,1650400
2025-12-11,2333.0,2378.5,2325.0,2368.0,1565700
2025-12-12,2430.0,2430.0,2353.0,2359.0,3454700
2025-12-15,2445.5,2456.5,2420.0,2430.5,2036700
2025-12-16,2418.0,2455.0,2408.5,2447.5,2009000
2025-12-17,2387.0,2420.0,2367.0,2418.0,1991400
2025-12-18,2390.0,2417.5,2374.0,2387.0,1514000
2025-12-19,2443.5,2450.0,2392.5,2395.0,2176000
2025-12-22,2408.0,2466.0,2407.0,2456.5,2030600
2025-12-23,2433.5,2454.0,2405.0,2408.0,1578900
2025-12-24,2424.0,2463.0,2416.0,2452.5,1382400
2025-12-25,2417.0,2431.0,2406.5,2430.0,578000
2025-12-26,2417.0,2441.5,2416.0,2430.0,740100
2025-12-29,2449.0,2449.0,2416.0,2417.0,1398000
2025-12-30,2432.0,2458.5,2431.5,2436.5,1007900
2026-01-05,2488.0,2488.0,2449.5,2450.0,2000800
2026-01-06,2566.5,2573.0,2490.0,2491.0,2150800
2026-01-07,2539.0,2564.5,2528.0,2534.0,1565200
2026-01-08,2521.0,2557.5,2511.5,2543.5,1629300
2026-01-09,2570.0,2570.0,2521.0,2541.5,1981500
2026-01-13,2603.5,2639.5,2599.5,2630.0,2176100
2026-01-14,2635.5,2644.0,2587.0,2603.5,2073100
2026-01-15,2631.0,2669.0,2621.0,2647.0,2096200
2026-01-16,2641.0,2656.0,2607.5,2620.0,1476400
2026-01-19,2605.0,2636.0,2590.5,2630.0,1918100
2026-01-20,2579.0,2598.5,2555.0,2590.0,2126200
2026-01-21,2490.0,2514.0,2470.0,2504.0,2936500
2026-01-22,2505.0,2548.0,2505.0,2522.5,2007500
2026-01-23,2550.0,2556.5,2515.0,2528.0,1866700
2026-01-26,2475.0,2501.5,2463.0,2470.0,1772400
2026-01-27,2486.0,2491.0,2433.5,2450.0,1363300
2026-01-28,2467.0,2484.5,2456.0,2472.0,1368800
2026-01-29,2496.0,2500.5,2441.0,2450.0,2015700
2026-01-30,2518.0,2532.0,2490.0,2517.0,1752300
2026-02-02,2490.5,2566.0,2490.5,2557.0,2218100
2026-02-03,2612.5,2615.0,2529.0,2560.0,1917700
2026-02-04,2674.5,2676.0,2609.5,2642.5,2004500
2026-02-05,2739.5,2748.0,2689.5,2700.0,1670600
2026-02-06,2774.5,2774.5,2667.0,2691.5,2031200
2026-02-09,2889.5,2905.5,2848.0,2905.5,2779600
2026-02-10,2926.5,2941.5,2903.5,2904.5,1989400
2026-02-12,3044.0,3057.0,2920.0,2939.0,2999400
2026-02-13,3046.0,3095.0,2948.0,2948.0,3438700
2026-02-16,3008.0,3039.0,2949.0,3030.0,2609900
2026-02-17,2981.5,3052.0,2965.0,3030.0,2469900
2026-02-18,3025.0,3025.0,2963.0,3012.0,2481600
2026-02-19,3089.0,3096.0,3009.0,3037.0,2229200
