date,n_selected,sum_next_close_minus_open,tickers
2026-01-20,20,870.0,2802.T;3099.T;2282.T;2871.T;1332.T;2503.T;7013.T;6301.T;7453.T;2002.T;2502.T;4751.T;8308.T;4911.T;7011.T;8058.T;3659.T;5631.T;8233.T;6361.T
2026-01-21,20,-1905.5,3099.T;2802.T;5801.T;7013.T;1332.T;6361.T;4911.T;2282.T;7012.T;3659.T;4062.T;7011.T;5631.T;4751.T;3086.T;8233.T;6963.T;7453.T;2503.T;6301.T
2026-01-22,20,-2001.0,3099.T;2802.T;7731.T;6963.T;5301.T;7735.T;1332.T;4062.T;6301.T;9531.T;5801.T;6920.T;3659.T;4183.T;6146.T;4911.T;4004.T;5332.T;2503.T;6361.T
2026-01-23,20,311.5,6963.T;7731.T;3659.T;1332.T;4151.T;5801.T;9531.T;4751.T;3099.T;6301.T;9602.T;4911.T;4183.T;9532.T;4507.T;7911.T;8308.T;4043.T;7735.T;7974.T
2026-01-26,20,626.5,1332.T;5801.T;6963.T;9843.T;2871.T;4578.T;2501.T;9602.T;2801.T;7974.T;9531.T;4183.T;7731.T;5332.T;9532.T;3086.T;6857.T;4751.T;4507.T;9766.T
2026-01-27,20,2703.0,1332.T;5801.T;6857.T;6963.T;7731.T;2871.T;4183.T;5332.T;4507.T;4004.T;7974.T;2501.T;5713.T;5803.T;9532.T;6301.T;7453.T;6146.T;1605.T;8233.T
2026-01-28,20,-9480.5,5801.T;5803.T;1332.T;6857.T;1605.T;6963.T;9602.T;4004.T;3092.T;7731.T;5802.T;5713.T;9766.T;9532.T;7735.T;6146.T;2871.T;6920.T;6723.T;7974.T
2026-01-29,20,-830.0,6857.T;1605.T;1332.T;5801.T;5713.T;5803.T;4004.T;2871.T;3092.T;6301.T;9532.T;7205.T;6723.T;9984.T;9531.T;6963.T;5802.T;5711.T;4183.T;1963.T
2026-01-30,20,-1844.5,6952.T;9766.T;1605.T;1332.T;5803.T;2871.T;6301.T;3092.T;5801.T;9531.T;9532.T;4004.T;4385.T;7205.T;6857.T;3401.T;6770.T;4507.T;9502.T;1963.T
2026-02-02,20,2381.5,6952.T;7205.T;1332.T;6301.T;9531.T;4452.T;5803.T;9532.T;7453.T;2871.T;9602.T;7751.T;4507.T;9502.T;2282.T;2502.T;9022.T;9766.T;9202.T;6762.T
2026-02-03,20,1871.5,6762.T;9022.T;6952.T;5803.T;6301.T;9532.T;6971.T;7205.T;1332.T;5802.T;9531.T;7741.T;4507.T;8233.T;4452.T;7453.T;2871.T;9433.T;9202.T;7751.T
2026-02-04,20,-1223.6999999999998,9021.T;7205.T;5803.T;6762.T;9022.T;6301.T;6952.T;9532.T;1332.T;4005.T;5108.T;5802.T;9531.T;9433.T;9202.T;3086.T;6503.T;1605.T;2801.T;4452.T
2026-02-05,20,1582.0,9021.T;3086.T;4452.T;9022.T;6762.T;5108.T;9532.T;9502.T;8304.T;6645.T;6952.T;9433.T;1803.T;1332.T;6674.T;2871.T;2801.T;9201.T;9202.T;8354.T
2026-02-06,20,-55.69999999999999,6645.T;9021.T;3086.T;2802.T;9502.T;5108.T;4452.T;6674.T;9022.T;1803.T;6762.T;4689.T;1332.T;8304.T;2871.T;7211.T;7832.T;9532.T;9433.T;2502.T
2026-02-09,20,590.9,6645.T;6762.T;2802.T;9502.T;3086.T;6674.T;9021.T;1803.T;5108.T;1332.T;6976.T;8304.T;9022.T;8801.T;4452.T;8802.T;2914.T;2871.T;4689.T;8252.T
2026-02-10,20,341.5,4021.T;6645.T;9502.T;6762.T;8802.T;6674.T;8801.T;3086.T;6976.T;4523.T;1803.T;8304.T;5108.T;9022.T;7269.T;6753.T;4452.T;8830.T;9005.T;4755.T
2026-02-12,20,-625.5,9502.T;9005.T;8802.T;8801.T;4523.T;6674.T;6976.T;6326.T;4452.T;6645.T;8804.T;1928.T;8591.T;8252.T;5831.T;9503.T;4021.T;9008.T;8304.T;1605.T
2026-02-13,20,-947.6,9005.T;4523.T;4452.T;9502.T;4578.T;5108.T;6674.T;5831.T;6976.T;9503.T;6113.T;7269.T;7201.T;9008.T;2802.T;9843.T;6645.T;1928.T;7912.T;2871.T
2026-02-16,20,-1158.4,9005.T;4506.T;9843.T;4523.T;4578.T;9008.T;6674.T;6976.T;2802.T;9502.T;6758.T;8253.T;9503.T;7272.T;8697.T;5706.T;9501.T;2503.T;6305.T;4021.T
2026-02-17,20,641.5,4506.T;9005.T;6976.T;9843.T;9008.T;4523.T;7201.T;7272.T;2802.T;6674.T;6645.T;9503.T;8697.T;6762.T;6981.T;4021.T;9501.T;8750.T;4005.T;7261.T
